x,y
5.2,402.4
7.1,392.8
7.5,408.8125
10.38888889,416.5555556
11.4,386.5
11.61111111,398.5555556
13.5,408.6666667
13.5,421.8333333
15.72222222,428.5555556
17,382.1666667
17,388.1666667
17,394.1666667
17,400.1666667
19.5,405.125
19,412.5
19,418.5
21.5,423.375
20.5,432.0555556
23,383
23,389
23,395
24.5,434.8333333
25.21428571,400.4285714
25,407.1666667
25,413.1666667
27.35714286,419.7142857
27,426
29.22727273,385.0909091
29,393.5
30.5,432.4444444
29.5,439.9375
31.22727273,402.0909091
31,410.5
31.3,416.2
33.5,424.4444444
35.22727273,382.4545455
35,390.8333333
35.3,396.6
36.5,435.1111111
35.5,442.4444444
37.4,405.2
37,413
37,419
39.5,427.5555556
41.4,378.8
41,386.6666667
41,392.6666667
41,398.6666667
42.22727273,438.7272727
42.3,444.8
43.22727273,408.0909091
43,416.5
43.3,422.2
45.5,429.7777778
47.22727273,375
47,383.5
47,389.5
47,395.5
47.3,401
48,440
49.22727273,409
49,417.5
49.3,423
51.25,430.375
53.1,369.6
53,377.5
53,383.5
53,389.5
53,395.5
53.3,401
54.1,439.1
54.05555556,694.7777778
54,702.3333333
53.64285714,708.7857143
55.2,409
55,417
55,423
55.27777778,714.9444444
57.38888889,362.5555556
57.27777778,429.4444444
57.25,688.875
59.27777778,371
59,378.6666667
59,384.6666667
59,390.6666667
59,396.6666667
59.3,402.2
60.25,356.75
59.94444444,436.1666667
60.22727273,697.9090909
60,706.5
60.4,721.1
61.05555556,409.5555556
61,417
61.3,422.6
61.35714286,713.1428571
62.22727273,684.4545455
63.16666667,349.5555556
63.5,428.4285714
65.22727273,362.8181818
65,371.3333333
65,377.3333333
65,383.3333333
65,389.3333333
65,395.3333333
65,401.3333333
66.16666667,342.6666667
66.07142857,434.4285714
66.4,692.8
66,700.8333333
66,706.8333333
66,723.375
67.5,406.25
67,413.6666667
67,419.6666667
67.35714286,713.1428571
67,719.5
68.5,355.3333333
67.83333333,680
68.5,686
69.4,335.6
69.3,426.5
70.5,729.2222222
71.5,348.5555556
71.22727273,367.1818182
71,375.6666667
71,381.6666667
71,387.6666667
71,393.6666667
71.3,399.4
72.375,328.375
72,432.0833333
72.4,674.8
72.4,692.8
72,700.6666667
72,706.6666667
73,405.625
73,412.8333333
73.3,418.2
73,712.6666667
73,718.6666667
73.5,723.5
74.5,356.5555556
74.21428571,683.8571429
75.3,336.8
75.3,344.6
75.6,426.1
76.27777778,323.1111111
76.22727273,731.5454545
77.3,364.7
77,372.8333333
77,378.8333333
77,384.8333333
77,390.8333333
77,396.8333333
78.1,668.6
78,676.5
78.1,692.6
78,700.5
78,706.5
79.38888889,349.2222222
79.27777778,403.4444444
79,411
79,417
79.1,715
79,723
80.38888889,316.5555556
80.38888889,329.2222222
80.25,683.625
81.2,339
81.5,357
81.3,423.8
79.5,429.3333333
82.4,661.7
82.3,728.5
82.3,734.9
83.5,309.75
84,322.3333333
83.27777778,365
83,372.6666667
83,378.6666667
83,384.6666667
83,390.6666667
83.3,396.2
83.94444444,671.4444444
84.3,678.4
84.16666667,689.1111111
84,697
84,703
84,709
85.16666667,348.7777778
85.05555556,403.7777778
85,411.1666667
85.3,416.8
85.16666667,717.2222222
86.25,304.25
86.66666667,317.3333333
86.25,329.75
87.3,339.2
87.75,357.25
86.94444444,422.7777778
87.22727273,655
88.22727273,726
87.64285714,734.7857143
89.4,297.3
89.5,364.875
89,372.1666667
89,378.1666667
89,384.1666667
89,390.1666667
89,396.1666667
89.22727273,665
89.22727273,683
90,674.3333333
90,694.4
90,702.3333333
90,708.3333333
90,714.3333333
90.5,739.375
91.2,311.2
91.2,323.2
91.38888889,347.6666667
91.5,402
91,409.1666667
91,415.1666667
92.05555556,287.8888889
91.92857143,332
93.5,339.375
93.5,357.2222222
93,419.5
93.22727273,649.1818182
93.3,657.2
94,274.6
94.5,281.75
94.25,303.625
94.66666667,316
94.1,720.4
94,728.3333333
94.3,734
95.5,295.5
95.5,363.75
95,371.5
95,377.5
95,383.5
95,389.5
95.3,395
95.2,664.8
95,672.8333333
95.22727273,682.3636364
95,690.8333333
96.1,699.6
96,707.5
96.3,713
96.2,742.05
97,325.2
97.16666667,348.6666667
97,403.2
97.35714286,411.5714286
96.75,415.625
98.25,286.875
98,641.8
99,268.8
99,310.8
99,334.8
99.5,341.75
99.22727273,653
100.25,278.625
100.2142857,302.1428571
100.1666667,717.3333333
100,725.1666667
100,731.1666667
100.3,736.6
101.2142857,294.8571429
101,356.4
101,364.3333333
101,370.3333333
101,376.3333333
101,382.3333333
101,388.3333333
101,394.3333333
100.9444444,662.4444444
101,670
101,676
101,682
101,688
101,694
102,319.2
102,702.8
102.5,709.75
102.3333333,745.2083333
103.5,347.4444444
103.2272727,402.3636364
102.6428571,410.5
103,635.6
104.1,263.4
104.2777778,286.8888889
104.1,329.4
104,646.4
105.2272727,274.3636364
105.4,310
105.5,339.6666667
106.375,301.25
106.2272727,656.3636364
106.2272727,716.3636364
106,724.8333333
106,730.8333333
106,736.8333333
107.5,294.2857143
107.4,355.4
107,363.6666667
107,369.6666667
107,375.6666667
107,381.6666667
107,387.6666667
107,393.6666667
107.1,667.4
107,675.3333333
107,681.3333333
107,687.3333333
107,693.3333333
107,699.3333333
108.2777778,256.7777778
108.6428571,281.4285714
108.375,317.875
108.3,324.8
108.2272727,630.1818182
108.5,707.4444444
107.9545455,745.0909091
109,399.625
108.6428571,406.5714286
109.2,640.9
109.9444444,266
109.9444444,332
110.3571429,751.1428571
111.5,287.6666667
111.2272727,342
111.3,350
111.2777778,649.4444444
112.4,250.5
112.4,274.5
112.2272727,305
112.3,313
112.3888889,622.3333333
112.2,658.8
112.2,718.8
112,726.8333333
112,732.8333333
112.3,738.4
113.3571429,296
113.2272727,358
113,366.5
113,372.5
113,378.5
113,384.5
113,390.5
113.2,668.6
113,676.6666667
113,682.6666667
113,688.6666667
113,694.6666667
113,700.6666667
114.2272727,321
114.3,631.4
114.2,708.5
114.5,745
115.2272727,260.1818182
114.6,397.6
115.5,616.2222222
115.5,640.8888889
116.2272727,331.3636364
116.5,752.7222222
117.2272727,282.7272727
117.3,290.8
117.2272727,342.7272727
117.3,350.8
117.5,649.5
118.2272727,246.0909091
118.5,253.75
118.2272727,270.0909091
118,276.5
118.2272727,306.0909091
118.3,314.2
118.375,609
118.0555556,658.3333333
118.1,717.8
118,725.8333333
118,731.8333333
118.3,737.4
119.3571429,297.7142857
119.4,359.2
119,367
119,373
119,379
119,384.8333333
118,389.5
119.1,668.4
119,676.3333333
119,682.3333333
119,688.3333333
119,694.3333333
119,700.3333333
120.4,322.7
120,624
120,632
120,708
120.125,743.875
121.5,261.7777778
121.3333333,615.5
121.1666667,640.2222222
122.2272727,334.2727273
122.1666667,603.1111111
122.3333333,754.0833333
123.4,285.4
123,293.1666667
123.4,345.4
123,353.1666667
123.2272727,650
124.2272727,243.4545455
124,251.8333333
124.5,257.25
124.2272727,273.4545455
124,280
124.2272727,309.4545455
124.3,317.6
124.2272727,661
124.2272727,715
124,723.5
124,729.5
124,735.5
125.3571429,301
125.5,362.1111111
125,369.3333333
125,375.3333333
123.7857143,381.1428571
125.2272727,672
125,680.5
125,686.5
125,692.5
125,698.5
125,704.5
126.4,326.2
126.2272727,611
126.2272727,623
126,631.5
126,637.5
126.2272727,743
127.5,265.2222222
127.2272727,598
128.4,337
128.1923077,753.6153846
129.2272727,288.7272727
129.3,296.8
129.3571429,344.1428571
129,351.1666667
129.3,356.8
129.2272727,644
129,652.5
130.4,239.4
130,247.3333333
130,253.3333333
130.1,258.8
130.4,275.4
129.5,281.6666667
130.4,311.4
130,319.3333333
130.2272727,661
130.2272727,709
130,717.5
130,723.5
130,729.5
130.3,735
131.3571429,303
131.4166667,365.375
130.5,373.1
128.5,376.5
131.2272727,672
131,680.5
131,686.5
131,692.5
131,698.5
131,702.5
132.4,327.7
132.2272727,605
132,613.5
132,619.5
132,625.5
132,631.5
132.5,636.5
132.4,742.5
132.3,757.1
133.5,266.4444444
133.2272727,592
133,598.5
134.7222222,752.2222222
135.2272727,290.2727273
135.3,298.4
135.2272727,338.2727273
135,346.6666667
135,352.6666667
135.3,358.4
135.2272727,644.1818182
135,652.6666667
136.4,235.4
136,243.1666667
136,249.1666667
136,255.1666667
136.1,260.8
136.4,277.4
135.5,283.3333333
136.4,313.4
136,321.1666667
136.2272727,661.3636364
136.2272727,709.3636364
136,717.8333333
136,723.8333333
136,729.8333333
136.3,735.4
137.3571429,305.5714286
137,364.4166667
137.2272727,672.5454545
137,681
137,687
137,693
137,699
137,703
138.5,330.3333333
138.2272727,605.7272727
138,614.1666667
138,620.1666667
138,626.1666667
138,632.1666667
138.5,637.25
138.4,743.3
138.1666667,756.9166667
139.5,270
139.4,586.4
139,594.3333333
138.5,598.6666667
141.5,292.6666667
141,300
141.5,340.6666667
141,348
141,354
140.9285714,359.9285714
141.2272727,645
141,653.5
141.7,752.6
142.4,232.2
142,240.1666667
142,246.1666667
142,252.1666667
142,258.1666667
142.1,263.6
142.4,280.2
141.5,286.3333333
142.4,316.2
142,324.1666667
142.2272727,662
142.2272727,710
142,718.5
142,724.5
142,730.5
142.3,736
143.2142857,305.1428571
143,310
143,409.15
143.2272727,673.1818182
143,681.6666667
143,687.6666667
143,693.6666667
143,699.6666667
143,704
144.5,331.5555556
144.2272727,386.3636364
144,394.8333333
144,400.8333333
144.3571429,416
144.2272727,606.3636364
144,614.8333333
144,620.8333333
144,626.8333333
144,632.8333333
144.5,638
144.5,743.4444444
145.5,270.6666667
145.4,373
144.5,379.6666667
145,422.4375
145.2272727,581.5454545
145,590
145,596
145,600
145.3,757.4
146.3571429,364.7142857
146.3571429,428
147.2272727,293.7272727
147.2272727,341.7272727
147,350.1666667
147,356.1666667
147,360
147.4,645.8
147,653.6666667
147.5,752.8125
148.4,226.4
148,234.3333333
148,240.3333333
148,246.3333333
148,252.3333333
148,258.3333333
148.1,263.8
148.4,280.4
147.5,286.6666667
148.4,316.4
148,324.3333333
148.375,434.8125
148.3571429,659.2857143
148,666.1666667
148.2272727,711.7272727
148,720.1666667
148,726.1666667
148,732.1666667
148.3,737.8
149.2272727,304.1818182
149,311
149.2272727,406.1818182
149.2272727,675.2727273
149,683.6666667
149,689.6666667
149,695.6666667
149,701.6666667
149,706
150.5,332.4444444
150.2272727,387.3636364
150,395.8333333
150,400
150.4,608.4
150,616.1666667
150,622.1666667
150,628.1666667
150,634.1666667
150.1,639.8
150.5,746.2222222
151.5,271.6666667
151.2272727,374.5454545
151,381
151.2272727,416.5454545
151.2272727,578.4545455
151,586.8333333
151,592.8333333
151,598.8333333
151,603
152.3571429,365.4285714
152.4,427.1
152.4,439.6
153.4,294
153.4,342
153,350
153,356
152.5,360.3333333
153.4,649.4
153.5,754.7222222
154.2272727,222.3636364
154,230.8333333
154,236.8333333
154,242.8333333
154,248.8333333
154,254.8333333
154,260.8333333
154.5,266
154.2272727,282.3636364
154,290.5
154.2272727,318.3636364
154.3,326.4
154.3571429,657
154,663.8333333
154,669.8333333
154,715.3333333
154,721.3333333
154,727.3333333
154,733.3333333
154,739.3333333
155.1,305.4
155.5,312.3333333
155.2777778,406.8888889
155.1666667,447.5
155.5,678.3333333
155,685.5
154.5,690.75
153,694.75
156.5,334.25
156.2272727,388.3636364
156,396.8333333
156.1666667,401.6666667
156.4,612.6
156,620.3333333
156,626.3333333
156,632.3333333
156,638.3333333
156.1,644
156.5,745.25
157.375,272
157.1,374.2
157.5,381.25
157.0555556,416.7777778
157.2272727,576.6363636
157,585
157,591
157,597
157,603
157,607
158.375,365.875
158.2272727,427.1818182
158,435.6666667
158.3,441.4
158.4,454.6
159.1,215.2
159.2777778,298.7777778
159.375,341.875
159,349.1666667
159,355.1666667
159.5,360.5
159.0454545,753.0909091
160.1,225.7
160,233.6666667
160,239.6666667
160,245.6666667
160,251.6666667
160,257.6666667
160,263.6666667
160.3,279.5
160,287.6666667
160.5,293
160.2272727,321.1818182
160.3,329.2
160.4,653.6
160,661.3333333
160,667.3333333
160,673.3333333
160,718.6666667
160,724.6666667
160,730.6666667
160,736.6666667
161.0555556,308.8888889
161.5,315.6666667
161.2777778,410
161.6428571,446.7142857
161.3571429,679.3571429
159.7,684.9
162,390
162,398
162.5,402.75
162.3571429,615.5714286
162,621.8333333
162,627.8333333
162,633.8333333
162,639.8333333
162,645.8333333
162.5,742.375
163.4,208.7
163.5,269
163.5,335
163.2272727,377.1818182
163.5,385
163.2,419.6
163.5,574
163,580.6666667
163,586.6666667
163,592.6666667
163,598.6666667
163,604.6666667
162.7,610
164.3571429,369
164.1,430.2
164,438.1666667
163.9,454.95
165.0555556,218.6666667
165.2777778,301.6666667
165.0555556,344.6666667
165,352.1666667
165,358.1666667
165.5,363
165,750.25
166.2272727,228.6363636
166,237.1666667
166,243.1666667
166,249.1666667
166,255.1666667
166.3,260.6
166.3,276.9
166,285.1666667
166,291.1666667
166.1666667,295.6666667
166.4,324.1
166.5,461.125
166.4,652.7
166,660.8333333
166,666.8333333
166,672.8333333
166,721.1666667
166,727.1666667
166,733.1666667
167,312
167,318
167,408
167.0555556,444.4444444
167,678.5833333
168.0555556,202.2222222
168.0555556,394.2222222
168.25,400.5
168.4,621.4
168,629.1666667
168,635.1666667
168,641.1666667
168,646.25
168.5,738.5
169.5,211.1111111
169.5,265.7777778
169.5,331.7777778
169.3,339.4
169.3,379.4
168.9,387
169.5,415.7777778
169,423.5
169.2272727,573.4545455
169,581.8333333
169,587.8333333
169,593.8333333
169,599.8333333
169,605.8333333
169,611.8333333
169,616
170.5,196
170.0555556,370.1111111
170.2777778,431.1111111
170.3,438.2
170.3888889,454.2222222
171.3571429,219.5714286
171.1,302
171.3571429,345.5714286
171,352
171,358
171.3,363.6
171.5,745
171,751.9166667
171.8333333,228.1111111
172,235.6666667
172,241.6666667
172,247.6666667
172,253.6666667
172.5,258.75
172,275.6
172,283.6666667
172,289.6666667
172.5,294.75
172.25,322.625
171.7222222,462.6111111
172.2272727,656.4545455
172,664.8333333
172,670.8333333
172,675.5
172,723.1666667
172,729.1666667
173.5,189
173.2,310.3
173.5,317
173.4,405.5
173.5,442.3333333
173.5,449.5
174.2272727,393
174,399.5
174.4,625.2
174,633
174,639
174,645
174,650
174.5,734.5
175.2272727,206
175.3,214
175.4,265.5
175.2272727,332
175.3,340
175.2272727,380
175,386.5
175.2272727,416
175,424.5
175.5,468.5
175.2272727,571.0909091
175,579.5
175,585.5
175,591.5
175,597.5
175,603.5
175,609.5
175,615.5
175,619.5
176.3571429,197.2857143
176.3571429,371.2857143
176.5,432.2222222
177.2272727,222.3636364
177.4,299.9
177.2272727,348.3636364
177,356.8333333
177,362.8333333
177,367
177.2272727,456.3636364
177.0555556,483
177,490.5
176.6428571,496.7857143
177.5,741
176.7727273,750.4545455
178.2272727,233.5454545
178,242
178,248
178,254
178.5,259.25
178.2272727,275.5454545
178,284
178,290
178,294
178.5,322.6666667
177.8636364,504.4545455
178.4,659
178,666.8333333
177.5,672.1875
178,725.1666667
179.2272727,184.9090909
179.5,192.5
179.2272727,310.9090909
179,317.5
179.4,406.5
179.2272727,442.9090909
179.5,450
179.3,514.3
180.4,393.8
179.5,400
180.5,477.3333333
180.4,627.8
180,635.6666667
180,641.6666667
180,647.6666667
180,652.75
180.5,730.75
181.2272727,207.5454545
181.3,215.6
181.5,266.6666667
181.2272727,333.5454545
181.3,341.6
181.2272727,381.5454545
181,388
181.2272727,417.5454545
181,426
181.2272727,465.5454545
181,472
181.1666667,520.7222222
181.2272727,567.5454545
181,576
181,582
181,588
181,594
181,600
181,606
181,612
181,618
181,622
182.3571429,198.7142857
182.3571429,372.7142857
182.5,433.7777778
182,531.0416667
183.4,223.4
183.4,301.4
183.4,349.4
183,357.3333333
183,363.3333333
182.5,367.6666667
183.5,456.375
183.4,487.4
183,495.3333333
183.4,541.05
183.5,737.5555556
183,745.3333333
183,750.5833333
184,231.3333333
184,237.3333333
184,243.3333333
184,249.3333333
184,255.3333333
184.5,260.25
184,277.4
184,285.3333333
184,291.3333333
184,295
184.25,324.375
184,501.3333333
184,507.3333333
184.2272727,661.7272727
183.1666667,668.5833333
185.2272727,180.3636364
185,188.8333333
185.5,194
185.2272727,312.3636364
185.5,319.6666667
185.4,407.9
185.2272727,444.3636364
185.5,451.6666667
186.2272727,396.0909091
186,403.5
186.5,479.3333333
186.2272727,630.0909091
186,638.5
186,644.5
186,650.5
186.5,656
186,728.3333333
187.0555556,208.6666667
187.3,215.4
187.25,268.125
187.0555556,334.6666667
187.3,341.4
187.0555556,382.6666667
187.5,389
187.0555556,418.6666667
187,426
187.0555556,466.6666667
187.5,473
187.0555556,514.6666667
187,522
187.1666667,548.0555556
187.0555556,562.6666667
187,570
187,576
187,582
187,588
187,594
187,600
187,606
187,612
187,618
187.5,623
188.375,200.5
188.2777778,374
188.4,434.6
188.2272727,531
189.0555556,223.5555556
189.1,301
189.0555556,349.5555556
189,357
189,363
189.5,368.5
189.2777778,457.3333333
189.375,487.75
189,495
189.3571429,540.8571429
189.5,732.8888889
189,740.8333333
189,748.875
190.4,171.6
190.2777778,232
190,239.6666667
190,245.6666667
190,251.6666667
190,257.6666667
190.1,263.2
190.5,273.7777778
190,281.6666667
190,287.6666667
190.1,293.2
190.5,327.1111111
190.2777778,502
190.1,509.2
190.5,555.1111111
190,660.75
191.3571429,164
191.3571429,179.4285714
191,186.1666667
191,192.1666667
191.2,310
191,318.1666667
191,323.5
191.4,411.2
191.5,442.1111111
191.3,449.8
192.2272727,399.0909091
192,406
192.2272727,633.0909091
192,641.5
192,647.5
192,653.5
192.5,657.6666667
193.2,212
193.3,219.4
193.2,338
193.3,345.4
193.2,386
193.1666667,392
193.2,422
193,429.8333333
193.3888889,464.2222222
193,471.8333333
193,477.8333333
193.3,483.4
193.2,518
193,525.8333333
193.7857143,547.2857143
193.2,566
193,573.8333333
193,579.8333333
193,585.8333333
193,591.8333333
193,597.8333333
193,603.8333333
193,609.8333333
193,615.8333333
193,621.8333333
193.1666667,626
194.2777778,198.7777778
194,205
194.25,377.125
194.2,534.2
195.2272727,298.8181818
195.3,353.3
195,361.3333333
195,367.3333333
194.8333333,372
195.3888889,454.6666667
195.3,491.3
195,730.1666667
195,736.1666667
195.2142857,742.8571429
194.3333333,748.4166667
196.1,151.6
196,159.5
196.375,224.25
196,231.5
196,237.5
196,243.5
196,249.5
196,255.5
196,261.5
196,267.5
196,273.5
196,279.5
196,285.5
196.3,291
196.375,330.75
196.375,434.25
196.125,500.625
196,507.5
196.5,512.75
196.5,541.8333333
196.375,554.25
196.5,560.75
197.1,168
197,176
197,182
197,188
197.5,193.25
197.3571429,307.4285714
197,314
197,320
197.5,325.25
197.2777778,413.5555556
197.1,444
198.1,400.6
198.5,407.75
198.1,634.6
198,642.5
198,648.5
197.1666667,654
199.1,213.2
199.1666667,339.5555556
199.3,346.8
199.1,387.2
199.5,394.5
199.0555556,423.7777778
199.1,465.2
199,473.1666667
199,479.1666667
199.3,484.8
199.1666667,519.5555556
199,527.1666667
199.1666667,567.5555556
199,575.1666667
199,581.1666667
199,587.1666667
199,593.1666667
199,599.1666667
199,605.1666667
199,611.1666667
199,617.1666667
199,623.1666667
199.5,628.5
200.1666667,144.2222222
200.0555556,199.1111111
200.5,205.75
200.25,377.75
200,534.75
200.375,546.25
201.1666667,299.1111111
200.9444444,354
201,361.6666667
201,367.6666667
201.5,372.3333333
201.1666667,449.7777778
201.3,457.2
200.9444444,492
201,732.5
201,738.5
200.5,744.8333333
202.2272727,154
202,162.5
202.3,220.2
202,228.5
202,234.5
202,240.5
202,246.5
202,252.5
202,258.5
202,264.5
202,270.5
202,276.5
202,282.5
202,288.5
202.5,293
202.3,430.2
202,438.5
202.2272727,502
202,510.5
202.2272727,556
203.2272727,171
203,179.5
203,185.5
203.3,191
203.2272727,309
203,317.5
203,323.5
203,329.5
203.3,335
203.4,416.5
204.2272727,404
204,410.5
204.2272727,638
204.3571429,646.8571429
203.1666667,651.3333333
205.2272727,139
205.5,210
205.2272727,343
205.2272727,385
205,393.5
205,397.5
205.2272727,463
205,471.5
205,477.5
205,483.5
205.2272727,517
205,525.5
205,531.5
205.2272727,541
205.2272727,565
205,573.5
205,579.5
205,585.5
205,591.5
205,597.5
205,603.5
205,609.5
205,615.5
205,621.5
205,627.5
205,631.5
206.2272727,198.1818182
206,205
206.3571429,376.2857143
206.2272727,444.1818182
207.4,298.9
207.2272727,353.3636364
207,361.8333333
207,367.8333333
207,372
207.5,454
207.2272727,491.3636364
205,738.5
204.5,742.5
208.2272727,148.5454545
208,157
208,163
208.2272727,220.5454545
208,229
208,235
208,241
208,247
208,253
208,259
208,265
208,271
208,277
208,283
208,289
208,293
208.2272727,424.5454545
208,433
208.5,437.6666667
208.2272727,502.5454545
208.5,510.25
208.2272727,550.5454545
208.5,558.25
209.2272727,171.9090909
209,180.3333333
209,186.3333333
209.5,191.5
209.2272727,309.9090909
209,318.3333333
209,324.3333333
209,330.3333333
209.3,336
209.3571429,416
210.4,404.8
209.5,411
210.4,638.8
209.5,645.75
211.2272727,134.5454545
211.5,142.25
211.5,211.6666667
211.4,344.1
211.2272727,386.5454545
211,395
211,399
211.2272727,464.5454545
211,473
211,479
211.3,484.6
211.2272727,518.5454545
211,527
211,533
211,539
211.5,544.25
211.2272727,566.5454545
211,575
211,581
211,587
211,593
211,599
211,605
211,611
211,617
211,623
211,629
211,633
212.2272727,199.9090909
212,206.5
212.3571429,378
212.2272727,445.9090909
213.4,301
213.4,355
213,362.8333333
213,368.8333333
212.5,373.3333333
213.5,456.125
213.4,493
214.2272727,150.9090909
214,159.3333333
214,165.3333333
214.2272727,222.9090909
214,231.3333333
214,237.3333333
214,243.3333333
214,249.3333333
214,255.3333333
214,261.3333333
214,267.3333333
214,273.3333333
214,279.3333333
214,285.3333333
214,291.3333333
214,295.5
214.2272727,426.9090909
214,435.3333333
214.5,440.3333333
214.3571429,500.4285714
214,507.3333333
214.5,512.75
214.2272727,552.9090909
214.5,560.75
215.2272727,174.4545455
215,182.8333333
215,188.8333333
215.5,194.25
215.2272727,312.4545455
215,320.8333333
215,326.8333333
215,332.8333333
215.3,338.6
215.3571429,418.5714286
216.5,407.3333333
215.5,413.25
215.6428571,639.7857143
217.4,131.6
217,139.3333333
217.1,145
217.5,215.2222222
217.4,347.6
217.4,389.6
217,397.3333333
216.5,401.6666667
217.4,467.6
217,475.3333333
217,481.3333333
217,487.3333333
217.4,521.6
217,529.3333333
217,535.3333333
217,541.3333333
217.1,547
217.4,569.6
217,577.3333333
217,583.3333333
217,589.3333333
217,595.3333333
217,601.3333333
217,607.3333333
217,613.3333333
217,619.3333333
217,625.3333333
217,631.3333333
216.5,635.1666667
218.2272727,203.8181818
218,210.5
218.3571429,382
218.2272727,449.8181818
219,303
219,357
219,363
219,369
219,375
219,459
220,153
220,159
220,165
220,225
220,231
220,237
220,243
220,249
220,255
220,261
220,267
220,273
220,279
220,285
220,291
220,297
220,429
220,435
220,441
220,495
220,501
220,507
220,513
220,555
220,561
221,171
221,177
221,183
221,189
221,195
221,309
221,315
221,321
221,327
221,333
221,339
221,423
222,411
222,417
223.3571429,129.5714286
223,135.8333333
223,141.8333333
223,147.8333333
223.3571429,219.5714286
223.3571429,345.5714286
223,351.8333333
223.3571429,393.5714286
223,399.8333333
223,405.8333333
223.3571429,465.5714286
223,471.8333333
223,477.8333333
223,483.8333333
223,489.8333333
223.3571429,519.5714286
223,525.8333333
223,531.8333333
223,537.8333333
223,543.8333333
223,549.8333333
223.3571429,567.5714286
223,573.8333333
223,579.8333333
223,585.8333333
223,591.8333333
223,597.8333333
223,603.8333333
223,609.8333333
223,615.8333333
223,621.8333333
223,627.8333333
222.2777778,634.7222222
224.5,201.75
224,208.5
223.7,213.8
224.5,381.75
223.7,387.8
224.5,447.75
224,454.5
225.5,303.4444444
225.5,357.625
225,364.8333333
225,370.8333333
224.5,375.5
225.3333333,459.3333333
226.5,153.1111111
226,161
226,167
226.5,225.1111111
226,233
226,239
226,245
226,251
226,257
226,263
226,269
226,275
226,281
226,287
226,293
225.5,297.3333333
226.4,429
226,437
226,441.75
226.5,495.1111111
226,503
226,509
226.1,514.4
226.5,555.1111111
226.1,562.4
227,173
227,179
227,185
227,191
227.5,195.75
227.2142857,310
227,317
227,323
227,329
227,335
227.3,340.4
227,421
228.5,414
229.2272727,126.4545455
229,135
229,141
229.5,146.25
229.4,348
229.2272727,396.4545455
229,405
229,409.5
229.2272727,468.4545455
229,477
229,483
229.5,488.25
229.2272727,522.4545455
229,531
229,537
229,543
229.5,548.25
229.2272727,570.4545455
229,579
229,585
229,591
229,597
229,603
229,609
229,615
229,621
229.3571429,627.4285714
228.5,631.6
230.2272727,203.5454545
230,212
230.3,217.6
230.2272727,383.5454545
230,390
230.2272727,449.5454545
231.2272727,358.7272727
231,367.1666667
231,373.1666667
231,377
231.5,459.25
232.4,153.4
232,161.3333333
232,167.3333333
232.4,225.4
232,233.3333333
232,239.3333333
232,245.3333333
232,251.3333333
232,257.3333333
232,263.3333333
232,269.3333333
232,275.3333333
232,281.3333333
232,287.3333333
232,293.3333333
232,299.3333333
232,305.3333333
232.4,429.4
232,437.3333333
232,442.25
232.4,495.4
232,503.3333333
232,509.3333333
232.1,514.8
232.4,555.4
232.1,562.8
233.3571429,172.7142857
233,179.6666667
233,185.6666667
233,191.6666667
233.5,196.75
233.3571429,310.7142857
233,317.6666667
233,323.6666667
233,329.6666667
233,335.6666667
233.3,341.2
233.3571429,421.2857143
234.3571429,414.4285714
235.2272727,121.5454545
235,130
235,136
235,142
235.5,147.25
235.4,349.1
235.2272727,397.5454545
235,406
235,410
235.2272727,469.5454545
235,478
235,484
235.5,489.25
235.2272727,523.5454545
235,532
235,538
235,544
235.5,549.25
235.2272727,571.5454545
235,580
235,586
235,592
235,598
235,604
235,610
235,616
235,622
234.6428571,626.7857143
236.2272727,204.5454545
236,213
236.3,218.6
236.2272727,384.5454545
236,390.5
236.2272727,450.5454545
237.4,359
237,367
237,373
236.5,377.3333333
237.5,459.875
238.2272727,155.3636364
238,163.8333333
238.2272727,227.3636364
238,235.8333333
238,241.8333333
238,247.8333333
238,253.8333333
238,259.8333333
238,265.8333333
238,271.8333333
238,277.8333333
238,283.8333333
238,289.8333333
238,295.8333333
238,301.8333333
238.2272727,431.3636364
238,439.8333333
238.5,445
238.2272727,497.3636364
238,505.8333333
238,511.8333333
238.5,517
238.2272727,557.3636364
238.5,565
239.1,172.6
239,180.5
239,186.5
239,192.5
239.5,197.75
239.1,310.6
239,318.5
239,324.5
239,330.5
239,336.5
239.3,342
239.3571429,423.4285714
240.375,416.375
241,114.8
241,122.8333333
241,128.8333333
241,134.8333333
241,140.8333333
241.3,146.2
241.125,348.625
241,396.8
241,404.8333333
241.5,409.75
241,468.8
241,476.8333333
241,482.8333333
241.3,488.2
241.0555556,523.1111111
241,530.8333333
241,536.8333333
241,542.8333333
241.3,548.2
241.0555556,571.1111111
241,578.8333333
241,584.8333333
241,590.8333333
241,596.8333333
241,602.8333333
241,608.8333333
241,614.8333333
241.1666667,621.6111111
242.3,203.5
242,211.8333333
242,217.8333333
242.2272727,383.2727273
242.5,390.6666667
242.4,449.4
243.2272727,358.3636364
243,366.8333333
243,372.8333333
243,377
243.5,459.4444444
244.2272727,153.7272727
244,162.1666667
244,168.1666667
244.2272727,225.7272727
244,234.1666667
244,240.1666667
244,246.1666667
244,252.1666667
244,258.1666667
244,264.1666667
244,270.1666667
244,276.1666667
244,282.1666667
244,288.1666667
244,294.1666667
244,300.1666667
244,306.1666667
244.2272727,435.7272727
244.5,443
244.2272727,495.7272727
244,504.1666667
244,510.1666667
244.3,515.8
244.2272727,555.7272727
244.3,563.8
244.5,622.875
245.2272727,177.0909091
245,185.5
245,191.5
245.5,196.75
245.2272727,315.0909091
245,323.5
245,329.5
245,335.5
245,341.5
245.3571429,427.1428571
246.4,110.2
246.4,416.2
245.5,422.3333333
247.3571429,117.5714286
247,124.5
247,130.5
247,136.5
247,142.5
247.5,147.75
247.4,349.7
247.2272727,398.0909091
247,406.5
247,410.5
247.2272727,470.0909091
247,478.5
247,484.5
247.5,489.75
247.2272727,524.0909091
247,532.5
247,538.5
247,544.5
247.5,549.75
247.2272727,572.0909091
247,580.5
247,586.5
247,592.5
247,598.5
247,604.5
247,610.5
247,616.5
247.5,620.375
248.4,205.2
248,213
248,219
248.4,385.2
247.5,391.3333333
248.4,451.2
249.2272727,361.0909091
249,369.5
249,375.5
249,379.5
249.3571429,458.5714286
249.5,464.3333333
250.4,156.2
250,164
250,170
250.4,228.2
250,236
250,242
250,248
250,254
250,260
250,266
250,272
250,278
250,284
250,290
250,296
250,302
250,308
250.4,438.2
250,445
250.4,498.2
250,506
250,512
250.1,517.6
250.4,558.2
250.1,565.6
251.3571429,175.5714286
251,182.5
251,188.5
251,194.5
251.5,199.75
251.3571429,313.5714286
251,320.5
251,326.5
251,332.5
251,338.5
251.3,344.2
251.3571429,430.1428571
252.4,107.2
252.4,419.2
251.5,425.3333333
253.3571429,114.5714286
253,121.5
253,127.5
253,133.5
253,139.5
253,145.5
253.5,150.75
253.4,352.7
253.2272727,401.0909091
253,409.5
253,413.5
253.2272727,473.0909091
253,481.5
253,487.5
253.5,492.75
253.2272727,527.0909091
253,535.5
253,541.5
253,547.5
253.5,552.75
253.2272727,575.0909091
253,583.5
253,589.5
253,595.5
253,601.5
253,607.5
253,612.25
250.5,618
254.4,208.2
254,216
254,222
254.4,388.2
253.5,394.3333333
255.2272727,364.2727273
255,372.6666667
255,378.6666667
255,383
255.2272727,454.2727273
255,462.6666667
255.5,467.6666667
256.4,159.6
256,167.3333333
256.4,231.6
256,239.3333333
256,245.3333333
256,251.3333333
256,257.3333333
256,263.3333333
256,269.3333333
256,275.3333333
256,281.3333333
256,287.3333333
256,293.3333333
256,299.3333333
256,305.3333333
256.4,441.6
255.5,447.6666667
256.4,501.6
256,509.3333333
256,515.3333333
256.1,521
256.4,561.6
256.1,569
257.3571429,173.4285714
257,180.1666667
257,186.1666667
257,192.1666667
257,198.1666667
257.5,203.75
257.3571429,311.4285714
257,318.1666667
257,324.1666667
257,330.1666667
257,336.1666667
257,342.1666667
257.3,348
257.3571429,434
258,103
258,421
258,427
259,109
259,115
259,121
259,127
259,133
259,139
259,145
259,151
259,355
259,403
259,409
259,415
259,475
259,481
259,487
259,493
259,529
259,535
259,541
259,547
259,553
259,577
259,583
259,589
259.3571429,595.6428571
258.5,602.5625
256.5,606.5
260,211
260,217
260,223
260,391
260,397
261,361
261,367
261,373
261,379
261,385
261,457
261,463
261,469
262,157
262,163
262,229
262,235
262,241
262,247
262,253
262,259
262,265
262,271
262,277
262,283
262,289
262,295
262,301
262,445
262,451
262,499
262,505
262,511
262,517
262,523
262,559
262,565
262,571
263,169
263,175
263,181
263,187
263,193
263,199
263,205
263,307
263,313
263,319
263,325
263,331
263,337
263,343
263,349
263,433
263,439
264,103
264,421
264,427
265,109
265,115
265,121
265,127
265,133
265,139
265,145
265,151
265,355
265,403
265,409
265,415
265,475
265,481
265,487
265,493
265,529
265,535
265,541
265,547
265,553
265,577
265,583
264.8333333,590.4444444
262.5,596.75
266,211
266,217
266,223
266,391
266,397
267,361
267,367
267,373
267,379
267,385
267,457
267,463
267,469
268,157
268,163
268,229
268,235
268,241
268,247
268,253
268,259
268,265
268,271
268,277
268,283
268,289
268,295
268,301
268,445
268,451
268,499
268,505
268,511
268,517
268,523
268,559
268,565
268,571
269,169
269,175
269,181
269,187
269,193
269,199
269,205
269,307
269,313
269,319
269,325
269,331
269,337
269,343
269,349
269,433
269,439
270.3571429,103.5714286
270.3571429,421.5714286
270,427.8333333
271.3571429,110
271,116.5
271,122.5
271,128.5
271,134.5
271,140.5
271,146.5
271,152.5
271.5,355.75
271.5,403.75
271,410.5
270.7,415.8
271.5,475.75
271,482.5
271,488.5
271,494.5
271.5,529.75
271,536.5
271,542.5
271,548.5
271,554.5
271.25,577.5625
269.5,585.0833333
272.5,211.6666667
272,219
272,225
272.5,391.6666667
271.5,397.75
273.5,362.125
273,369.5
273,375.5
273,381.5
272.5,386
273.4,457.6
273,465.5
273,470.5
274.5,157.7777778
274,165.8333333
274.5,230.25
274,237.8333333
274,243.8333333
274,249.8333333
274,255.8333333
274,261.8333333
274,267.8333333
274,273.8333333
274,279.8333333
274,285.8333333
274,291.8333333
274,297.8333333
274,303.8333333
274.2272727,445.3636364
274,452
274.5,499.7777778
274,507.8333333
274,513.8333333
274,519.8333333
274.5,525
274.5,559.7777778
274,567.8333333
274.5,572.25
275.2272727,174.5454545
275,183
275,189
275,195
275,201
275.5,206.25
275.2272727,312.5454545
275,321
275,327
275,333
275,339
275,345
275.3,350.6
275.3571429,436.5714286
276.2272727,101.7272727
276.2272727,425.7272727
276,432
277.4,112.6
277,120.5
277,126.5
277,132.5
277,138.5
277,144.5
277.1,150
277.4,406.6
277,414.5
276.5,419
277.4,478.6
277,486.5
277.1,492
277.4,532.6
277,540.5
277,546.5
277.1,552
278.2272727,214.3636364
278.3,222.4
278.2272727,394.3636364
278,401
279.2272727,357.5454545
279,366
279,372
279,378
279,384
279,388
279.2272727,459.5454545
279,468
279.5,472.6666667
280.2272727,158.9090909
280,167.3333333
280.2272727,230.9090909
280,239.3333333
280,245.3333333
280,251.3333333
280,257.3333333
280,263.3333333
280,269.3333333
280,275.3333333
280,281.3333333
280,287.3333333
280,293.3333333
280,299.3333333
280,305.3333333
280.2272727,446.9090909
280,453.5
280.2272727,500.9090909
280,509.3333333
280,515.3333333
280,521.3333333
280.5,526.5
280,560.65
278.7,568.5
281.4,175.8
281,183.6666667
281,189.6666667
281,195.6666667
281,201.6666667
281.1,207.2
281.4,313.8
281,321.6666667
281,327.6666667
281,333.6666667
281,339.6666667
281,345.6666667
281,350.75
281.3571429,438.2857143
282.2272727,97.54545455
282,106
282.2272727,427.5454545
282,434
283.2272727,114.7272727
283,123.1666667
283,129.1666667
283,135.1666667
283,141.1666667
283,147.1666667
283.5,152.25
283.2272727,408.7272727
283,417.1666667
283,421
283.2272727,480.7272727
283,489.1666667
283.5,494.25
283.2272727,534.7272727
283,543.1666667
283,549.1666667
283.5,554.25
284.4,215.4
284,223.3333333
284.4,395.4
283.5,401.6666667
285.2272727,359.7272727
285,368.1666667
285,374.1666667
285,380.1666667
285,386.1666667
285,391.5
285.2272727,461.7272727
285,470.1666667
285.5,475.3333333
286.1,161
286,168.8333333
286.1,233
286,240.8333333
286,246.8333333
286,252.8333333
286,258.8333333
286,264.8333333
286,270.8333333
286,276.8333333
286,282.8333333
286,288.8333333
286,294.8333333
286,300.8333333
286,306.8333333
286.1,449
286.5,455.6666667
286.1,503
286,510.8333333
286,516.8333333
286,522.8333333
286.5,528
287.1,177.6
287,185.5
287,191.5
287,197.5
287,203.5
287.5,208.5
287.1,315.6
287,323.5
287,329.5
287,335.5
287,341.5
287,347.5
287.5,352.5
287.375,440.625
287.8333333,91.77777778
288,99.33333333
288,105.3333333
287.8333333,427.7777778
288.5,434.25
286,555
289.2272727,113.7272727
289,122.3333333
289,128.3333333
289,134.3333333
289,140.3333333
289,146.3333333
289,152.3333333
289.2272727,407.7272727
289,416.3333333
289.5,421.75
289.4,479.9
289,488.3333333
289,494.3333333
289.3,534
289.0714286,542.7142857
287.5,547.8333333
290.3,215.2
290,223.3333333
290.3,229
290.3571429,399
291.4,358.7
291,366.8333333
291,372.8333333
291,378.8333333
291,384.8333333
291,390.8333333
291,395
291.2272727,466.4545455
291.5,473.6666667
292.5,87.11111111
292.5,159.1111111
292,166.3333333
292,172.3333333
292.5,237.1111111
292,244.3333333
292,250.3333333
292,256.3333333
292,262.3333333
292,268.3333333
292,274.3333333
292,280.3333333
292,286.3333333
292,292.3333333
292,298.3333333
292,304.3333333
292,310.3333333
292.5,453.1111111
291.5,459
292.5,501.1111111
292,508.3333333
292,514.3333333
292,520.3333333
292,526.3333333
293.3571429,178.2857143
293,185
293,191
293,197
293,203
293.1,208.6
293.3571429,316.2857143
293,323
293,329
293,335
293,341
293,347
293,352
293.4,441.2
292.5,447.3333333
294.5,93.75
294,101.3333333
294,107.3333333
294.2272727,428.9090909
294,435
295.4,116.2
295,124
295,130
295,136
295,142
295,148
295.1,153.6
295.4,410.2
295,418
294.5,422.6666667
295.4,482.2
295,490
295.1,495.6
295.2272727,536
292.5,540.5
296.2272727,218.2727273
296,226.6666667
296.3,232.4
296.3571429,402.4285714
297.3888889,360.8888889
297,368.1666667
297,374.1666667
297,380.1666667
297,386.1666667
297,392.1666667
296.75,397
297.3888889,468.8888889
297.1,475.8
298.5,84.22222222
298.3,162.6
298,170.5
298.3,240.6
298,248.5
298,254.5
298,260.5
298,266.5
298,272.5
298,278.5
298,284.5
298,290.5
298,296.5
298,302.5
298,308.5
298.3,456.6
297.8333333,462.6666667
298.3,504.6
298,512.5
298,518.5
298,524.5
298.3,530.2
299.2777778,178.1111111
299,185.6666667
299,191.6666667
299,197.6666667
299,203.6666667
299,209.6666667
299.2777778,316.1111111
299,323.6666667
299,329.6666667
299,335.6666667
299,341.6666667
299,347.6666667
299,353.6666667
299.2,441.6
298.7,449.2
300.2142857,76.42857143
300.2142857,91
300,98
300,104
300,110
300.1666667,431.4444444
301.2272727,119.1818182
301,127.6666667
301,133.6666667
301,139.6666667
301,145.6666667
301,151.6666667
301.5,157
301.2272727,413.1818182
301,421.6666667
301.5,427
301.2272727,485.1818182
301,493.6666667
301.5,499
301.3571429,534.9285714
302.375,215.125
302,222.3333333
302,228.3333333
302.3,234
302.3571429,405.2857143
303,362
303,370
303,376
303,382
303,388
303,394
303.5,398.75
303,470
303.5,476.75
304.0555556,163.1111111
304,170.8333333
303.9444444,241.2222222
304,248.8333333
304,254.8333333
304,260.8333333
304,266.8333333
304,272.8333333
304,278.8333333
304,284.8333333
304,290.8333333
304,296.8333333
304,302.8333333
304,308.8333333
304,456.8
304.5,463.3333333
304.0555556,505.1111111
304,512.8333333
304,518.8333333
304,524.8333333
304.5,529.75
305.2272727,72
305.2272727,84
305.2272727,180
305,188.5
305,194.5
305,200.5
305,206.5
305.2272727,318
305,326.5
305,332.5
305,338.5
305,344.5
305,350.5
305.5,356
305.2272727,438
305,446.5
305.5,452
305.8333333,94.77777778
306,102.1666667
306,108.1666667
306,114.1666667
307,123
307,131
307,137
307,143
307,149
307.3,154.4
307,417
307,425
307.5,429.75
307,483
307,491
307.3,496.4
307.3333333,537.3333333
308.3,212.5
308,220.6666667
308,226.6666667
308,232.6666667
308.2272727,404.1818182
308.5,412
309.2777778,361.6666667
309,369.3333333
309,375.3333333
309,381.3333333
309,387.3333333
309,393.3333333
309.5,398.6666667
309.1,469.4
309.5,476.75
310,65
310,161
310,169
310,175
309.9444444,239.4444444
310,247
310,253
310,259
310,265
310,271
310,277
310,283
310,289
310,295
310,301
310,307
310,313
310.25,459.875
310,503
310,511
310,517
310,523
310.3,528.4
311.2272727,76.18181818
311,84.66666667
311,90.66666667
311.2272727,184.1818182
311,192.6666667
311,198.6666667
311.3,204.2
311.2272727,322.1818182
311,330.6666667
311,336.6666667
311,342.6666667
311,348.6666667
311.3,354.2
311.2272727,436.1818182
311,444.6666667
311,450.6666667
311.5,456
312.1,99.4
312,107.3333333
312,113.3333333
312,119.3333333
313.1,127.9
313,135.8333333
313,141.8333333
313,147.8333333
313.3,153.4
313.2272727,421.3636364
313.5,429
313.4,481.5
313,489.8333333
313.3,495.4
313.2272727,535.3636364
313.2142857,543.4285714
314.1666667,210.7777778
314,218.3333333
314,224.3333333
314,230.3333333
314.1,408.4
314.5,415.3333333
315.2272727,59.36363636
315.4,359.6
315,367.8333333
315,373.8333333
315,379.8333333
315,385.8333333
315,391.8333333
315,397.8333333
315.1666667,402.6666667
315.2272727,467.3636364
315.5,475.5
316.0555556,69.77777778
316.1666667,159.5555556
316,167.1666667
316,173.1666667
316,179.1666667
316.0555556,237.7777778
316,245.1666667
316,251.1666667
316,257.1666667
316,263.1666667
316,269.1666667
316,275.1666667
316,281.1666667
316,287.1666667
316,293.1666667
316,299.1666667
316,305.1666667
316,311.1666667
316,317.1666667
316.1666667,501.5555556
316,509.1666667
316,515.1666667
316,521.1666667
316.3,526.6
317.2272727,80.18181818
317,88.66666667
317,94.66666667
317.2272727,188.1818182
317,196.6666667
317,202.6666667
317.2272727,326.1818182
317,334.6666667
317,340.6666667
317,346.6666667
317.3,352.4
317.4,434.4
317,442.6666667
317,448.6666667
317,454.6666667
317.3,460.4
318.0555556,102.7777778
318,110.1666667
318,116.1666667
318,122.1666667
319.1666667,51.22222222
318.8333333,130.3333333
319,137.8333333
319,143.8333333
319,149.8333333
319.1666667,423.2222222
319,483.8
319,491.8333333
319.0555556,532.1111111
319,539.8333333
318.6428571,545.8571429
320.25,207.125
320,214.6666667
320,220.6666667
320,226.6666667
320.3,232.2
320,410.6
320.5,417.3333333
321.2272727,61
321.2272727,361
321,369.5
321,375.5
321,381.5
321,387.5
321,393.5
321,399.5
321.5,404
321.2272727,469
321.5,476.5
322.2272727,72
322.2272727,156
322,164.5
322,170.5
322,176.5
322,182.5
322.2272727,240
322,248.5
322,254.5
322,260.5
322,266.5
322,272.5
322,278.5
322,284.5
322,290.5
322,296.5
322,302.5
322,308.5
322,314.5
322,320.5
322.2272727,498
322,506.5
322,512.5
322,518.5
322.3,524
322.4,550.95
323.2272727,83
323,91.5
323,97.5
323.2272727,191
323.3,199
323.2272727,329
323,337.5
323,343.5
323,349.5
323.5,354
323.2272727,431
323,439.5
323,445.5
323,451.5
323,457.5
323.5,462
324.2272727,46
324.2272727,106
324,114.5
324,120.5
324,126.5
324.3,561.2
324.5,572.1875
325.2272727,135
325,143.5
325.5,148.5
325.5,421.5
325.2272727,483
325.5,490.5
325.2272727,531
325,539.5
325.5,544.5
325.0555556,579.7777778
325,587.5
325,593.5
325,599.5
325,605.5
324.6428571,611.5714286
326.2272727,206.1818182
326,214.6666667
326,220.6666667
326,226.6666667
326.3,232.2
326.2272727,410.1818182
326,417
327.1,565.14
327.2272727,55.36363636
327,63.83333333
327.2272727,361.3636364
327,369.8333333
327,375.8333333
327,381.8333333
327,387.8333333
327,393.8333333
327,399.8333333
327,404
327.2272727,469.3636364
327.5,476.6666667
328.2272727,72.54545455
328.2272727,156.5454545
328,165
328,171
328,177
328,183
328.2272727,240.5454545
328,249
328,255
328,261
328,267
328,273
328,279
328,285
328,291
328,297
328,303
328,309
328,315
328,321
328.2272727,498.5454545
328,507
328,513
328,519
328.5,524.25
328.4,552.1
328.2,617.75
329.2272727,83.72727273
329,92.16666667
329,98.16666667
329.2272727,191.7272727
329.5,199.25
329.2272727,329.7272727
329,338.1666667
329,344.1666667
329,350.1666667
329.5,354.6666667
329.2272727,431.7272727
329,440.1666667
329,446.1666667
329,452.1666667
329,458.1666667
329.5,462.6666667
330.4,40.4
330.1,47.8
330.4,106.4
330,114.3333333
330,120.3333333
330,126.3333333
331.3571429,131.4285714
331,138.5
331,144.5
331.5,149.5
331.5,422.5
331.2272727,484
331.5,491.5
331.2272727,532
331,540.5
331.5,545.5
331.2272727,574
331,582.5
331,588.5
331,594.5
331,600.5
331,606.5
331.5,611.5
331.2,622.7
332.2272727,207
332,215.5
332,221.5
332,227.5
332.3,233
332.2272727,411
332,417.5
332.2272727,561
332,567.5
333.2272727,56
333,64.5
333.2272727,362
333,370.5
333,376.5
333,382.5
333,388.5
333,394.5
333,400.5
333,404.5
333.2272727,470
333.5,477
333.4,631.2
334.2272727,73
334.2272727,157
334,165.5
334,171.5
334,177.5
334,183.5
334.2272727,241
334,249.5
334,255.5
334,261.5
334,267.5
334,273.5
334,279.5
334,285.5
334,291.5
334,297.5
334,303.5
334,309.5
334,315.5
334,321.5
334.2272727,499
334,507.5
334,513.5
334,519.5
334.5,524.5
334.5,551.5
335.2272727,84
335,92.5
335,98.5
335.2272727,192
335.5,199.5
335.2272727,330
335,338.5
335,344.5
335,350.5
335.5,355
335.2272727,432
335,440.5
335,446.5
335,452.5
335,458.5
335.5,463
336.2272727,35
336,43.5
336.5,48.5
336.2272727,107
336,115.5
336,121.5
337.2272727,130.1818182
337,138.6666667
337,144.6666667
337.5,149.75
337.5,422.75
337.2272727,484.1818182
337.5,491.75
337.2272727,532.1818182
337,540.6666667
337.5,545.75
337.2272727,574.1818182
337,582.6666667
337,588.6666667
337,594.6666667
337,600.6666667
337,606.6666667
337,612.6666667
337,618.6666667
337.3,624.2
337.4,638.95
338.2272727,207.3636364
338,215.8333333
338,221.8333333
338,227.8333333
338.3,233.4
338.2272727,411.3636364
338,418
338.2272727,561.3636364
338,568
339.2272727,56.54545455
339,65
339.2272727,362.5454545
339,371
339,376.9166667
338.5,383.2
339,389.1666667
339,395.1666667
339,401.1666667
339,405.5
339.2272727,470.7272727
339.5,478
339.5,631.375
340.2272727,73.72727273
340.2272727,157.7272727
340,166.1666667
340,172.1666667
340,178.1666667
340,184.1666667
340.2272727,241.7272727
340,250.1666667
340,256.1666667
340,262.1666667
340,268.1666667
340,274.1666667
340,280.1666667
340,286.1666667
340,292.1666667
340,298.1666667
340,304.1666667
340,310.1666667
340,316.1666667
340,322.1666667
340.2272727,499.7272727
340,508.1666667
340,514.1666667
340,520.1666667
340.5,525.25
340.5,552.25
341.4,84.6
341,92.5
341,98.5
341.4,192.6
341.1,200
341.4,330.6
341,338.5
341,344.5
341,350.5
341,355.5
341.4,432.8
341,440.6666667
341,446.6666667
341,452.6666667
341,458.6666667
341,463.5
342.2272727,30.36363636
342,38.83333333
342,44.83333333
342.5,50
342.3571429,103.8571429
342,110.8333333
342,116.8333333
342,122.8333333
342.2272727,645.1818182
343.2272727,131.7272727
343,140.1666667
343,146.1666667
343.5,151.5
343.5,424
343.4,485
343.1,492.8
343.4,533
343,541
343.1,546.8
343.4,575
343,583
343,589
343,595
343,601
343,607
343,613
343,619
343,625
344.2272727,209.2727273
344,217.6666667
344,223.6666667
344,229.6666667
344.3,235.4
344.2272727,413.3636364
344,421.5
344.2272727,563.3636364
344,571.5
345.4,58.4
345,66.16666667
345.1666667,363.7222222
343,371
343.5,394
345,400
345.1,405.6
345.3888889,470.4444444
345.1,477.6
345.3888889,632.4444444
345.1,639.6
346.3571429,72
346,78.83333333
346.2272727,160.4545455
346,168.8333333
346,174.8333333
346,180.8333333
346,186.8333333
346.2272727,244.4545455
346,252.8333333
346,258.8333333
346,264.8333333
346,270.8333333
346,276.8333333
346,282.8333333
346,288.8333333
346,294.8333333
346,300.8333333
346,306.8333333
346,312.8333333
346,318.8333333
346,324.8333333
346.2,502.2
346,510.1666667
346,516.1666667
346,522.1666667
346.5,527.75
346.5,555.5
347.5,87.33333333
347,94.5
347.5,195.3333333
347,202.5
347.5,333.3333333
347,340.5
347,346.5
347,352.5
346.9,357.6
347.3888889,432.8888889
347,440.3333333
347,446.3333333
347,452.3333333
347,458.3333333
347.1,464
347.5,651.3888889
348.4,27.4
348,35.16666667
348,41.16666667
348,47.16666667
348.1,52.8
348.3571429,100.4285714
348,107.1666667
348,113.1666667
348,119.1666667
348,125.1666667
348.1666667,643.1666667
349.3571429,131
349,137.8333333
349,143.8333333
349,149.8333333
349.5,155.25
349.4,484
349,492.1666667
349.5,497.5
349.5,532.1111111
349,540.1666667
349,546.1666667
349.5,551.5
349.2272727,579.6363636
349,588.1666667
349,594.1666667
349,600.1666667
349,606.1666667
349,612.1666667
349,618.1666667
349,624.1666667
350.5,212.1111111
350,219.3333333
350,225.3333333
350,231.3333333
350,237.3333333
350,414.7
350,422.6666667
350.5,428
350.4,564.5
349.75,571.5
351.4,62
349,406
351.1666667,471.6666667
351.5,478.3333333
351,633.2
352.3571429,69.14285714
352,76.16666667
352,82.16666667
352.2272727,163.7272727
352,172.1666667
352,178.1666667
352,184.1666667
352,190.1666667
352.5,242.5
352,250.1666667
352,256.1666667
352,262.1666667
352,268.1666667
352,274.1666667
352,280.1666667
352,286.1666667
352,292.1666667
352,298.1666667
352,304.1666667
352,310.1666667
352,316.1666667
352,322.1666667
352,328.1666667
352.25,503.375
352,510.5
352,516.5
352,522.5
352.5,556.6666667
352.1666667,658.125
353.4,90.6
353.4,198.6
353.1,206
353.4,336.6
353,344.5
353,350.5
352.5,356.5625
353.4,434.5
353,442.6666667
353,448.6666667
353,454.6666667
353,460.6666667
353.5,466
353.375,648.875
354.2272727,24.54545455
354,33
354,39
354,45
354,51
354.5,56.25
354.3571429,98.14285714
354,105
354,111
354,117
354,123
354.5,640.5
355.2272727,132.0909091
355,140.5
355,146.5
355,152.5
355.5,158
355.2272727,486.8181818
355,495.3333333
355.4,529.2
355,537.3333333
355,543.3333333
355,549.3333333
355.2272727,576.8181818
355,585.3333333
355,591.3333333
355,597.3333333
355,603.3333333
355,609.3333333
355,615.3333333
355,621.3333333
355,627.3333333
355.5,665.8125
356.2272727,215.8181818
356,224.1666667
356,230.1666667
356.3,236
355,419.5
356,424.8333333
356.0555556,566.2222222
357.1666667,473.7777778
357,480.5
357.5,635.4285714
357.2142857,672.7142857
358,63
358,69
358,75
358,81
358,165
358,171
358,177
358,183
358,189
358,243
358,249
358,255
358,261
358,267
358,273
358,279
358,285
358,291
358,297
358,303
358,309
358,315
358,321
358,327
358,504.4
358,512.3333333
358,518.3333333
358.5,524.25
357.9444444,558
358.25,659.875
358.2142857,679.8571429
359,87
359,195
359,201
359,207
359,333
359,339
359.5,346.3888889
357.3,352.4
359.2272727,434
359,442.5
359,448.5
359,454.5
359,460.5
359,466.5
359.2272727,650
359.3333333,684.0833333
360,21
360,27
360,33
360,39
360,45
360,51
360,57
360,93
360,99
360,105
360,111
360,117
360,123
361.3571429,129.5714286
361,135.8333333
361,141.8333333
361,147.8333333
361,153.8333333
361,159.8333333
361.2272727,490
361,498.5
361.4,532.5
361,540.5
361,546.5
361,552.5
361.2272727,574
361,582.5
361,588.5
361,594.5
361,600.5
361,606.5
361,612.5
361,618.5
361,624.5
361,630.5
362.5,213.75
362,220.5
362,226.5
362,232.5
362,238.5
361.5,427
362,640.6
361.9444444,690
363.4,473.9
363,482
363.2272727,563.4545455
363.2272727,665.4545455
363,674
363.3571429,696.0714286
364.4,63.8
364,71.66666667
364,77.66666667
364,83.66666667
364.5,166
364,173.6666667
364,179.6666667
364,185.6666667
364,191.6666667
364.5,244.375
364,251.6666667
364,257.6666667
364,263.6666667
364,269.6666667
364,275.6666667
364,281.6666667
364,287.6666667
364,293.6666667
364,299.6666667
364,305.6666667
364,311.6666667
364,317.6666667
364,323.6666667
364,329.6666667
364.375,505.625
364,512.6666667
364,518.6666667
364,524.6666667
364.375,703.625
364,710.6666667
364,716.6666667
364,722.6666667
364,728.6666667
364,734.6666667
363.6428571,740.9285714
365.3571429,89.28571429
365.3571429,197.2857143
365,204.1666667
365.5,209.5
365.3571429,335.2857143
365,342.1666667
365,346.5833333
365,435.5
365,442.6666667
365,448.6666667
365,454.6666667
365,460.6666667
364.9,466.2
365.4,650.7
364.9,658.2
365.5,681.1111111
365,746.5833333
366.2272727,21.27272727
366,29.66666667
366,35.66666667
366,41.66666667
366,47.66666667
366,53.66666667
366.5,58.66666667
366.2272727,99.27272727
366,107.6666667
366,113.6666667
366,119.6666667
366,125.6666667
366.25,752.0625
367.4,134.6
367,142.3333333
367,148.3333333
367,154.3333333
367.1,160
367.2272727,491.5454545
367.1,499.6
367.2272727,533.5454545
367,542
367,548
367,554
367.3,560.2
367.2272727,575.5454545
367,584
367,590
367,596
367,602
367,608
367,614
367,620
367,626
367,632
367,638
368.2272727,218.8181818
368,227.1666667
368,233.1666667
368.3,239
368.6666667,644.1666667
369.125,472.375
369,479.5
369.5,484.25
369.2142857,566.8571429
369.125,664.375
369,671.5
369.125,688.375
369,695.5
369.2272727,758.4090909
370,66
370,72
370,78
370,168
370,174
370,180
370,186
370,246
370,252
370,258
370,264
370,270
370,276
370,282
370,288
370,294
370,300
370,306
370,312
370,318
370,324
370.5,506
370,513.6666667
370,519.6666667
370,525.6666667
370.4,703.6
370,711.6666667
370,717.6666667
370,723.6666667
370,729.6666667
370,735.6666667
370,741.6666667
371,84
371,90
371,192
371,198
371,204
371,210
371,330
371,336
371,344.4583333
369.5,442
371,448.5
371,454.5
371,460.5
371.1,466.4
371.5,650.6666667
371.1,658.4
371.3,679.6
372,18
372,24
372,30
372,36
372,42
372,48
372,54
372,60
372,96
372,102
372,108
372,114
372,120
372,126
372.5,747.75
372.5,764.4444444
373.3571429,131.4285714
373,138.1666667
373,144.1666667
373,150.1666667
373,156.1666667
373,162.1666667
373.3,490.8
373.3,498.2
373.3,532.8
373,540.8333333
373,546.8333333
373,552.8333333
373,558.8333333
373.3,574.8
373,582.8333333
373,588.8333333
373,594.8333333
373,600.8333333
373,606.8333333
373,612.8333333
373,618.8333333
373,624.8333333
373,630.8333333
373,636.8333333
374.5,215.25
374,222.5
374,228.5
374,234.5
374,240.5
375.1666667,473.3333333
375,480.8333333
375.5,486.6666667
375.2142857,564.4285714
375.5,570.6666667
375.2142857,642.4285714
375.1666667,665.3333333
375,672.8333333
375.1666667,689.3333333
375,696.8333333
375.25,756
376.4,65.2
376,73.33333333
376,79.33333333
376.5,167.6666667
376,175.3333333
376,181.3333333
376,187.3333333
376.5,246.125
376,253.3333333
376,259.3333333
376,265.3333333
376,271.3333333
376,277.3333333
376,283.3333333
376,289.3333333
376,295.3333333
376,301.3333333
376,307.3333333
376,313.3333333
376,319.3333333
376,325.3333333
376.25,505.125
376,512
376,518
376,524
376.2142857,703.5714286
376,710
376,716
376,722
376,728
376,734
376,740
377.3571429,85.14285714
377,91.83333333
377.3571429,193.1428571
377,199.8333333
377,205.8333333
377.5,212
377.3571429,331.1428571
377,337.8333333
376.6428571,344.1428571
376,453.075
377,458.1666667
377,464.1666667
377.375,648.875
377,656.1666667
377.375,678.875
378,20.33333333
378,26.33333333
378,32.33333333
378,38.33333333
378,44.33333333
378,50.33333333
378,56.33333333
378.3571429,97.57142857
378,104.3333333
378,110.3333333
378,116.3333333
378,122.3333333
377.5,346.75
378.5,748
378.4,764.75
379.3571429,127.8571429
379,134.6666667
379,140.6666667
379,146.6666667
379,152.6666667
379,158.6666667
379.2272727,496
379.4,532.5
379,540.5
379,546.5
379,552.5
379,558.5
379.2272727,580
379,588.5
379,594.5
379,600.5
379,606.5
379,612.5
379,618.5
379,624.5
379,630.5
379,636.5
380.5,216.8888889
380,224.8333333
380,230.8333333
380,236.8333333
381.4,468.5
381,476.5
381,482.5
381,488.5
381.5,565.5
381,572.5
381.7857143,643.5714286
381.4,660.5
381,668.5
381.3,674.8
381.4,684.5
381,692.5
381,698.5
381.5,757
382,63
382,69
382,75
382,165
382,171
382,177
382,183
382,243
382,249
382,255
382,261
382,267
382,273
382,279
382,285
382,291
382,297
382,303
382,309
382,315
382,321
382.25,505.625
382,512.6666667
382,518.6666667
382,524.6666667
382,704.6666667
382,710.6666667
382,716.6666667
382,722.6666667
382,728.6666667
382,734.6666667
382,740.6666667
383.3571429,80.42857143
383,87.16666667
383.3571429,188.4285714
383,195.1666667
383,201.1666667
383,207.1666667
383.3571429,326.4285714
383,333.1666667
383,339.1666667
382.5,460.2
383.5,650.75
384,21.33333333
384,27.33333333
384,33.33333333
384,39.33333333
384,45.33333333
384,51.33333333
384,57.33333333
384.3571429,92.57142857
384,99.33333333
384,105.3333333
384,111.3333333
384,117.3333333
384.3571429,344.2142857
384.375,747.375
384.375,764.8125
385.3571429,122.7142857
385,129.5
385,135.5
385,141.5
385,147.5
385,153.5
385,159.5
385.4,496.1
385.4,532.1
385,540.1666667
385,546.1666667
385,552.1666667
385,558.1666667
385.4,580.1
385,588.1666667
385,594.1666667
385,600.1666667
385,606.1666667
385,612.1666667
385,618.1666667
385,624.1666667
385,630.1666667
385,636.1666667
386.5,212
386,219.8333333
386,225.8333333
386,231.8333333
386,237.8333333
386.75,469.75
387,477
387,483
387.1,488.6
387.3888889,565.4444444
387.1,572.6
387.625,643.25
387.2,661
387,669
387,675
387,681
387,687
387,693
387,699
387.2777778,756.5555556
388.5,62.88888889
388,70.66666667
388.5,164.8888889
388,172.6666667
388,178.6666667
388.5,243.375
388,250.6666667
388,256.6666667
388,262.6666667
388,268.6666667
388,274.6666667
388,280.6666667
388,286.6666667
388,292.6666667
388,298.6666667
388,304.6666667
388,310.6666667
388,316.6666667
388.2,507
388,515
388,521
388.5,526.5
388.25,706
388,713
388,719
388,725
388,731
388,737
388.3,743
389.3571429,76.57142857
389,83.16666667
389.3571429,184.5714286
389,191.1666667
389,197.1666667
389,203.1666667
389.3571429,322.5714286
389,329.1666667
389,335.1666667
389.2777778,652.3333333
390,23.66666667
390,29.66666667
390,35.66666667
390,41.66666667
390,47.66666667
390,53.66666667
390.5,60
390.3571429,89
390,95.66666667
390,101.6666667
390,107.6666667
390,113.6666667
390.3571429,341
390,346.8333333
390.5,749.75
390.3181818,764.1818182
391.3571429,119.7142857
391,126.3333333
391,132.3333333
391,138.3333333
391,144.3333333
391,150.3333333
391,156.3333333
391.4,495.4
391.5,503.25
391.5,531.6666667
391,539.5
391,545.5
391,551.5
391,557.5
391.4,579.4
391,587.5
391,593.5
391,599.5
391,605.5
391,611.5
391,617.5
391,623.5
391,629.5
391,635.5
392.5,209.3333333
392,217
392,223
392,229
392,235
392,477.25
393,483
393,488
393.4,564.9
393,572
393.4,642.9
393.4,660.9
393,669
393,675
393,681
393,687
393,693
393,699
393.9285714,756.7142857
394.4,66.6
394.5,163.1111111
394,170.6666667
394,176.6666667
394.5,241.625
394,248.6666667
394,254.6666667
394,260.6666667
394,266.6666667
394,272.6666667
394,278.6666667
394,284.6666667
394,290.6666667
394,296.6666667
394,302.6666667
394,308.6666667
394,314.6666667
394.2,511.6
394,519.6666667
394.5,525
394.3571429,705
394,711.6666667
394,717.6666667
394,723.6666667
394,729.6666667
394,735.6666667
394,741.6666667
395.3571429,75
395,81.5
395.3571429,183
395,189.5
395,195.5
395,201.5
395.3571429,321
395,327.5
395,333.5
395.5,651.125
396,28.5
396,34.5
396,40.5
396,46.5
396,52.5
396,58.5
396.3571429,88
396,94.5
396,100.5
396,106.5
396,112.5
396.3571429,340
395.5,347.0625
396.375,749.625
396,765.3125
397.3571429,119
397,125.5
397,131.5
397,137.5
397,143.5
397,149.5
397,155.5
397,495
397,502.1666667
397.5,508.25
397.5,530.4444444
397,538.1666667
397,544.1666667
397,550.1666667
397,556.1666667
397.4,578.1
397,586.1666667
397,592.1666667
397,598.1666667
397,604.1666667
397,610.1666667
397,616.1666667
397,622.1666667
397,628.1666667
397,634.1666667
398.5,209
398,216.5
398,222.5
398,228.5
398,234.5
398.7222222,350.9444444
396.5,485
399.3888889,563.8888889
399.1,571
399.3888889,641.8888889
399.4,659.3
399,667.3333333
399,673.3333333
399,679.3333333
399,685.3333333
399,691.3333333
399,697.3333333
399.5,760.1666667
400.1666667,66.11111111
400.25,162.625
400,169.6666667
400,175.6666667
400.2142857,241.1428571
400,247.6666667
400,253.6666667
400,259.6666667
400,265.6666667
400,271.6666667
400,277.6666667
400,283.6666667
400,289.6666667
400,295.6666667
400,301.6666667
400,307.6666667
400,313.6666667
400.3,516.4
400.3,524.2
400.3571429,703.8571429
400,710.3333333
400,716.3333333
400,722.3333333
400,728.3333333
400,734.3333333
400,740.3333333
400.3,746.2
401.2142857,74.42857143
401,80.83333333
401.2142857,182.4285714
401,188.8333333
401,194.8333333
401,200.8333333
401.2142857,320.4285714
401,326.8333333
401,332.8333333
401.5,650.625
401.5,34.4
402,40.16666667
402,46.16666667
402,52.16666667
402,58.16666667
402.5,86.875
402,94.16666667
402,100.1666667
402,106.1666667
402,112.1666667
402.5,339.875
402.3,347.2
402.5,750.875
402.3333333,765.8333333
403.3571429,117.5714286
403,124.5
403,130.5
403,136.5
403,142.5
403,148.5
403,154.5
402,502.5
403,508.1666667
403.5,530.3333333
403,538.1666667
403,544.1666667
403,550.1666667
403,556.1666667
403.4,578
403,586.1666667
403,592.1666667
403,598.1666667
403,604.1666667
403,610.1666667
403,616.1666667
403,622.1666667
403,628.1666667
403,634.1666667
404.4,208.8
404,216.8333333
404,222.8333333
404,228.8333333
404,234.8333333
404.1666667,353.9444444
405.4,563.4
405,570.5
405.4,641.4
405.4,659.4
405,667.5
405,673.5
405,679.5
405,685.5
405,691.5
405,697.5
405.5,760.2777778
406.2272727,66.63636364
405.7,159.8
403.5,169
406,176.5
406.5,241.375
406,248.5
406,254.5
406,260.5
406,266.5
406,272.5
406,278.5
406,284.5
406,290.5
406,296.5
406,302.5
406,308.5
406,314.5
406.2272727,516.8181818
406.5,525.25
406.375,704.25
406,711.3333333
406,717.3333333
406,723.3333333
406,729.3333333
406,735.3333333
406,741.3333333
407.375,75.75
407.3571429,182.5714286
407,189.1666667
407,195.1666667
407,201.1666667
407.3571429,320.5714286
407,327.1666667
407,333.1666667
407,358.9166667
407.5,650.125
407,42.75
408,48.5
408,54.5
408,59.5
408.375,83.375
408,90.5
408,96.5
408,102.5
408,108.5
408.3571429,339.4285714
408,346
408.3888889,748.4444444
408.5,755.5
409.375,114.75
409,122
409,128
409.2142857,134.4285714
408,140.5
408,146.5
408,152.5
407.8333333,157.3333333
406.5,510
409.2,534
409,542
409,548
409,554
409.3888889,576.4444444
409,584
409,590
409,596
409,602
409,608
409,614
409,620
409,626
409,632
409.25,765.625
410.5,208.5555556
410,216
410,222
410,228
410,234
410.5,353.125
411.2,561.6
411.1,569.2
411.2,639.6
411.3888889,658
411,665.6666667
411,671.6666667
411,677.6666667
411,683.6666667
411,689.6666667
411,695.6666667
412,759.3333333
412.1666667,65.66666667
412.2142857,240.7142857
412,247.1666667
412,253.1666667
412,259.1666667
412,265.1666667
412,271.1666667
412,277.1666667
412,283.1666667
412,289.1666667
412,295.1666667
412,301.1666667
412,307.1666667
412,313.1666667
411,518.75
412,524.3333333
412.5,530
412.2777778,702.7777778
412,710.3333333
412,716.3333333
412,722.3333333
412,728.3333333
412,734.3333333
412,740.3333333
413.2142857,74
410.5,180
412.5,188.8
412.5,194.8
412.5,200.8
413.5,320.125
413,327.1666667
413,333.1666667
413.5,360.9444444
413.125,648.75
413,57.25
414.3571429,80.57142857
414,87.16666667
414,93.16666667
414,99.16666667
414,105.1666667
414.3571429,338.7142857
414,345.6666667
414.4,748.5
414.5,756.75
415.6111111,111.8888889
414.5,118.8
414.5,124.2
413.3,131.3
415.2272727,538.6363636
415,547.1666667
415,553.1666667
415.4,575
415,583.1666667
415,589.1666667
415,595.1666667
415,601.1666667
415,607.1666667
415,613.1666667
415,619.1666667
415,625.1666667
415,631.1666667
415.3888889,765.5
414,208.5
414,214.5
414,220.5
415,227.75
416,233.8333333
416.5,352.2222222
417.3888889,559.6666667
417.1,566.8
417.3888889,637.6666667
417.3,645.4
417.3888889,655.6666667
417,663.3333333
417,669.3333333
417,675.3333333
417,681.3333333
417,687.3333333
417,693.3333333
416,63
417,69.75
418.5,240
418,247.1666667
418,253.1666667
418,259.1666667
418,265.1666667
418,271.1666667
418,277.1666667
418,283.1666667
418,289.1666667
418,295.1666667
418,301.1666667
418,307.1666667
418,313.1666667
416.5,527.6666667
418.5,531.75
418.25,699.75
418,706.8333333
418,712.8333333
418,718.8333333
418,724.8333333
418,730.8333333
418,736.8333333
418.3,742.6
419.1,321
419,329
419,363.5833333
419.6428571,76.42857143
420,84.16666667
420,90.16666667
420,96.16666667
420.2142857,102.4285714
420.25,336.375
420,343.3333333
420.9285714,650.8571429
420.2272727,752
420,760.5
419.25,108.125
420.9285714,537.7142857
421,545.1666667
421,551.1666667
421.4,573.1
421,581.1666667
421,587.1666667
421,593.1666667
421,599.1666667
421,605.1666667
421,611.1666667
421,617.1666667
421,623.1666667
421,629.1666667
421.3571429,765.5
422.25,350.625
422.1,357.6
423.2142857,557.2857143
423,564.1666667
423.5,634.75
423,642.1666667
423.5,658.2222222
423,666.1666667
423,672.1666667
423,678.1666667
423,684.1666667
423,690.1666667
423.5,240.4
424,246
424,252
424,258
424,264
424,270
424,276
424,282
424,288
424,294
424,300
424,306
424,312
424.1,368.15
424.3571429,696.8571429
424,703.1666667
424,709.1666667
424,715.1666667
424,721.1666667
424,727.1666667
424,733.1666667
424,739.1666667
424,745.1666667
425.2142857,318.7142857
425,325.1666667
425,331.1666667
424,90.5
424,96
423.5,100.5
426.5,337.125
426,344.5
426.5,649
426.5,751.25
426,758.3333333
427.3,361.2
425.5,572
426.5,578.8
427,584.6666667
427,590.6666667
427,596.6666667
427,602.6666667
427,608.6666667
427,614.6666667
427,620.6666667
427,626.6666667
426.8333333,764
428.375,351.875
429.3,635.4
429.3,643
429.3,659.4
429,667.3333333
429,673.3333333
429,679.3333333
429,685.3333333
429,691.3333333
428.5,247
429.5,253.4
430,259.1666667
430,265.1666667
430,271.1666667
430,277.1666667
430,283.1666667
430,289.1666667
430,295.1666667
430,301.1666667
430,307.1666667
430,313.1666667
430.5909091,371
430.2,699.4
430,707.3333333
430,713.3333333
430,719.3333333
430,725.3333333
430,731.3333333
430,737.3333333
430,743.3333333
431.5,319.5
431,326.6666667
432.2777778,333.5555556
432,341.1666667
432.3,346.8
432.5,650.7777778
432.3,752.2
433.0555556,360.2222222
431,593.5
432.5,599.8
433,606.1666667
433,612.1666667
433,617.8333333
432.5,623.8
432.75,629.25
433.125,760.625
433.3,765.7
434.6428571,351.5714286
435,637.1666667
435,643.1666667
435.5,659.5555556
435,667.1666667
435,673.1666667
435,679.1666667
435,685.1666667
435,691.1666667
434.5,262.3333333
435,268.5
436,275
436,281
436,287
436,293
436,299
436,305
436,311
436.4,369
436,375.5
436.3571429,697.1428571
436,703.8333333
436,709.8333333
436,715.8333333
436,721.8333333
436,727.8333333
436,733.8333333
436,739.8333333
436,745.8333333
437.3571429,317.1428571
437,323.8333333
437.8333333,332.1111111
438,339.3333333
438.3,345
436.5,650.3333333
438.3571429,750.8571429
439.2272727,357.7272727
436.5,613.25
439.25,759.375
439,765.1666667
442,277.6666667
442,283.6666667
442,289.6666667
442,295.6666667
442,301.6666667
442,307.6666667
442.5,347.8888889
442.5,365.8888889
441.7727273,375.3636364
440.5,697.3333333
441,704.25
442,709.6666667
442,715.6666667
442,721.6666667
442,727.6666667
442,733.6666667
442,739.6666667
442.3,745.8
443.3571429,313.2857143
443,320
443,326
444.3571429,331.8571429
444,338.5
444.5,344.6666667
444.4,754
445.5,355.6666667
444.8333333,762.9444444
447.0555556,377.2777778
447,765.625
447.5,281.6
448,287.1666667
448,293.1666667
448,299.1666667
448,305.1666667
448.25,364.25
447.7,370.6
448,710.6666667
448,716.6666667
448,722.6666667
448,728.6666667
448,734.6666667
448,740.6666667
448,746.6666667
449.5,312.125
449,319.1666667
449,325.1666667
450.3571429,331.5714286
450,338.1666667
450,344.1666667
450,350.1666667
450.5,752.625
451.3571429,356.4285714
451.3571429,759.8571429
452.9615385,375.7692308
453.5,764.9375
454,287.5
454,293.5
454,299.5
454,305.5
454.5,364
454,371.5
454,714.1666667
454,720.1666667
454,726.1666667
454,732.1666667
454,738.1666667
454,744.1666667
455.3571429,311.7142857
455,318.3333333
455,324.3333333
456.3571429,330.5714286
456,337.1666667
456,343.1666667
456,349.1666667
456.5,380
456.5,750.125
457.3571429,355.4285714
457.3571429,757.1428571
459.5,763.375
460,292.5
460,298.5
460,304.5
460.5,363
460,370.5
460,376.5
460,717.5
460,723.5
460,729.5
460,735.5
460,741.5
461.3571429,310.7142857
461,317.3333333
461,323.3333333
462.3571429,329.5714286
462,336.1666667
462,342.1666667
462,348.1666667
462.5,382
462.5,747.5
463.3571429,354.4285714
463.3571429,754.7142857
464.9545455,762.5
466,297.1666667
466,303.1666667
466.5,361.5555556
466,369.1666667
466,375.1666667
466,721
466,727
466,733
466,739
467.3571429,309.4285714
467,316
467,322
468.3571429,328
468,334.6666667
468,340.6666667
468,346.6666667
467.9545455,382.6363636
468.5,744.25
468.1,764.8
469.3571429,352.7142857
469.3571429,751
471.3571429,385.9285714
471.5,759.6111111
472,302
472.5,360.5555556
472,368
472,374
472,722
472,728
472,734
473,308
473,314
473,320
474.2142857,326.7142857
474,333.1666667
474,339.1666667
474,345.1666667
474.3333333,380.5
474,740
475.2142857,351.8571429
475,746
475,752
477.2777778,387.1666667
477,760
478.1666667,360.5555556
478,368
478,374
478,722
478,728
478,734
478.5,309.6
479,315.1666667
479,321.1666667
480.2142857,327.8571429
480,334.3333333
480,340.3333333
480,346.3333333
480.3571429,381.1428571
480,740
481.5,353.5
481,746
481.3571429,752.7142857
483.4,389.75
482.9,757.4
484.5,361.7777778
484,369.3333333
484,375.3333333
484,722
484,728
484,734
485,316.1666667
485,322.1666667
486.3571429,328.4285714
486,335
486,341
486,347
486.5,381.875
486.5,741
487.3571429,353.2857143
487.3571429,748
486.9285714,754.1428571
489.0454545,390.6818182
490.5,361
490,368.5
490,374.5
490,721.3333333
490,727.3333333
490,733.3333333
491,321.5
491.5,394.1
492.3571429,328
492,334.5
492,340.5
492,346.5
492.5,381.5
492.5,738.5
493.3571429,353
493.3571429,745.7142857
492.5,752.75
495.75,390
496.5,361
496,368.5
496,374.5
496,723.5
496,729.5
497.2142857,397.8571429
498,328.5
498,334.5
498,340.5
498,346.5
498.5,381.5
498.5,737
499.3571429,353
499.3571429,744
498.125,750.1875
500.1666667,404.8888889
501.5,389.5555556
502.5,360.3333333
502,368
502,374
502.5,724
502,730.6666667
503.5,397.75
504,333.6666667
504,339.6666667
504,345.6666667
504.5,380.625
504.2142857,737
505.3571429,352
505.2272727,409.3181818
505.5,743.4375
502.5,746.5
507.5,389
508.5,359.7777778
508,367.3333333
508,373.3333333
508,723.1666667
508,729.1666667
509.5,397
509,404.1666667
510,339
510,345
510.5,379.875
510.7222222,734.8888889
511.3571429,351.2857143
511.1666667,410.8333333
511.1666667,740.1666667
513.5,387.3333333
514.5,357.8888889
514,365.6666667
514,371.6666667
514,725.1666667
515.5,394.875
515,402.1666667
516,342.5
516.5,377.125
516.5,731.5
517.3571429,347.8571429
517,408.4
516.5,736.25
519,385
519.5,412.6875
520.3571429,354.4285714
520,361.1666667
520,367.1666667
521.5,390
521,397.3333333
522.5,372.125
522,379.5
520.9,730.7
523,343.6666667
523.1,349.6
523.5,402.25
525.1923077,411.8076923
526.5,355
526,362.3333333
527.5,384.6666667
527,392.5
528.5,367.25
528,374.6666667
527.5,380.3333333
529,345
529.5,351
529.5,397.625
529.3,405
530.9545455,411.6363636
532.5,356.8888889
533.2272727,386.6363636
534.5,364.875
534,372
534,378
535,348.8333333
535.5,395.75
535,402.8333333
537,409.55
538.5,355.3333333
539.2272727,385.0909091
540.5,363.125
540,370.3333333
540,376.3333333
541.5,393.625
541,400.8333333
542.9545455,408
544,354.8333333
545.4,383.6
546.2142857,361.1428571
546,367.6666667
546,373.6666667
546,378
547.2142857,392.4285714
547,398.8333333
549,404.375
551.1,383.4
551,363.5
552,368.8333333
552,374.8333333
553.1666667,393.7777778
553.6666667,401.75
555.5,404.6666667
557.2272727,379.2727273
557,387.8333333
558,370.5
559.5,394
559,401.1666667
561.1666667,404.5
562.3333333,378.3333333
563,385.1666667
565.5,390.5
565,397.8333333
567,402.9375
570,389.75
570.5,396.4
571,401.25